{
 "seeds": [
  0,
  1,
  2
 ],
 "train_steps": 4000,
 "chance": 0.03125,
 "notebook": {
  "live": 0.9996744791666666,
  "freeze": 0.119140625,
  "shadow": 0.09261067708333333,
  "chance": 0.03125,
  "collapse_fraction": 0.5,
  "collapse_bar": 0.5154622395833333
 },
 "twin": {
  "live": 1.0,
  "freeze": 1.0,
  "shadow": 1.0,
  "chance": 0.03125,
  "collapse_fraction": 0.5,
  "collapse_bar": 0.515625
 },
 "per_seed": {
  "notebook": {
   "live": [
    1.0,
    0.9990234375,
    1.0
   ],
   "freeze": [
    0.1220703125,
    0.1083984375,
    0.126953125
   ],
   "shadow": [
    0.1025390625,
    0.0849609375,
    0.09033203125
   ]
  },
  "twin": {
   "live": [
    1.0,
    1.0,
    1.0
   ],
   "freeze": [
    1.0,
    1.0,
    1.0
   ],
   "shadow": [
    1.0,
    1.0,
    1.0
   ]
  }
 }
}